url,title
https://gihyo.jp/dp/ebook/2021/978-4-297-12258-4,WEB+DB PRESS plus 良いFAQの書き方──ユーザーの「わからない」を解決するための文章術
https://gihyo.jp/dp/ebook/2021/978-4-297-12288-1,WEB+DB PRESS Vol.124
https://gihyo.jp/dp/ebook/2021/978-4-297-12244-7,図解即戦力 図解即戦力債券のしくみがこれ1冊でしっかりわかる教科書
https://gihyo.jp/dp/ebook/2021/978-4-297-12238-6,今すぐ使えるかんたん 今すぐ使えるかんたんぜったいデキます！ スマートフォン超入門 Android対応版［改訂3版］
https://gihyo.jp/dp/ebook/2021/978-4-297-12306-2,RISC-VとChiselで学ぶ はじめてのCPU自作――オープンソース命令セットによるカスタムCPU実装への第一歩
https://gihyo.jp/dp/ebook/2021/978-4-297-12246-1,図解即戦力 図解即戦力小売業界のしくみとビジネスがこれ1冊でしっかりわかる教科書
https://gihyo.jp/dp/ebook/2021/978-4-297-12284-3,ゼロからはじめる ゼロからはじめるドコモ Xperia 10 III SO-52B スマートガイド
https://gihyo.jp/dp/ebook/2021/978-4-297-11975-1,Software Design 2021年9月号
https://gihyo.jp/dp/ebook/2021/978-4-297-12286-7,6さいからつかえるパソコン～キーボード入力、インターネット、動画づくり、プログラミングが1人でできる
https://gihyo.jp/dp/ebook/2021/978-4-297-12240-9,副業で月収10万円 知識ゼロからはじめる！ プログラミング 副業で月収10万円
https://gihyo.jp/dp/ebook/2021/978-4-297-12280-5,情報処理技術者試験 基本情報技術者 らくらく突破 Python
https://gihyo.jp/dp/ebook/2021/978-4-297-12236-2,無料で作る！ お店・会社のためのホームページ作成超入門
https://gihyo.jp/dp/ebook/2021/978-4-297-12266-9,レシピ集 C#コードレシピ集
https://gihyo.jp/dp/ebook/2021/978-4-297-12250-8,今すぐ使えるかんたん 今すぐ使えるかんたんぜったいデキます！ エクセル関数超入門［改訂2版］
https://gihyo.jp/dp/ebook/2021/978-4-297-12252-2,今すぐ使えるかんたん 今すぐ使えるかんたんぜったいデキます！ ネット通販でお買いもの［アマゾン＆楽天 対応版］
https://gihyo.jp/dp/ebook/2021/978-4-297-12254-6,今すぐ使えるかんたんEx 今すぐ使えるかんたんExExcel関数 ビジネスに役立つ！ プロ技BESTセレクション［2019/2016/2013/365対応版］
https://gihyo.jp/dp/ebook/2021/978-4-297-12248-5,図解即戦力 図解即戦力為替のしくみがこれ1冊でしっかりわかる教科書
https://gihyo.jp/dp/ebook/2021/978-4-297-12225-6,施策デザインのための機械学習入門〜データ分析技術のビジネス活用における正しい考え方
https://gihyo.jp/dp/ebook/2021/978-4-297-12227-0,機械学習を解釈する技術〜予測力と説明力を両立する実践テクニック
https://gihyo.jp/dp/ebook/2021/978-4-297-12184-6,Pythonプログラミング完全入門～ノンプログラマーのための実務効率化テキスト
https://gihyo.jp/dp/ebook/2021/978-4-297-12222-5,大学受験 完全理系専用 看護医療系のための現代文解法テクニック
https://gihyo.jp/dp/ebook/2021/978-4-297-12274-4,ゼロからはじめる ゼロからはじめるドコモ arrows Be4 Plus F-41B スマートガイド
https://gihyo.jp/dp/ebook/2021/978-4-297-12256-0,ずかん ずかん美しい世界の線路―ヨーロッパ編
https://gihyo.jp/dp/ebook/2021/978-4-297-12276-8,ゼロからはじめる ゼロからはじめるドコモ Xperia Ace II SO-41B スマートガイド
https://gihyo.jp/dp/ebook/2021/978-4-297-12278-2,ゼロからはじめる ゼロからはじめるドコモ Galaxy A52 5G SC-53B スマートガイド
https://gihyo.jp/dp/ebook/2021/978-4-297-12190-7,今すぐ使えるかんたん 今すぐ使えるかんたんWindows 10 完全ガイドブック 困った解決＆便利技［2021-2022年最新版］
https://gihyo.jp/dp/ebook/2021/978-4-297-11974-4,Software Design 2021年8月号
https://gihyo.jp/dp/ebook/2021/978-4-297-12214-0,無駄なマシーンを発明しよう！～独創性を育むはじめてのエンジニアリング～
https://gihyo.jp/dp/ebook/2021/978-4-297-12242-3,Minecraftオフィシャルブック マインクラフト ダンジョンにもぐれ！［木の剣のものがたりシリーズ⑤］
https://gihyo.jp/dp/ebook/2021/978-4-297-12206-5,60分でわかる！ 60分でわかる！ESG 超入門
